Grad/opæina;Redni broj biraèkog mjesta;Ukupno biraèa;Glasovalo ukupno;Glasovalo (prema listiæimma);Listiæi važeæi;Listiæi nevažeæi;ABECEDA DEMOKRACIJE - ABECEDA, Nositelj liste: DOROTEA PAVLETIÆ, dipl.oec.                                        ;AKCIJA SOCIJALDEMOKRATA HRVATSKE - ASH, HRVATSKA RADNIÈKA STRANKA - HRS, ZELENA STRANKA - ZS, Nositelj liste: ZLATKO KLARIÆ, prof.;AUTOHTONA-HRVATSKA SELJAÈKA STRANKA - A-HSS, Nositelj liste: JASMINKA PETTER, mag.                         ;DEMOKRATSKA STRANKA ŽENA - DSŽ, ZELENI HRVATSKE - ZELENI HR, Nositelj liste: MARIJA JELINÈIÆ;DEMOKRATSKI CENTAR - DC, Nositelj liste: VESNA ŠKARE OŽBOLT, dipl.iur.;GOSPODARSKA STRANKA - GS, Nositelj liste: STJEPAN GNJEÈ                                            ;HRVATSKA ÈISTA STRANKA PRAVA - HÈSP, Nositelj liste: JOSIP MILJAK                                   ;HRVATSKA DEMOKRATSKA ZAJEDNICA - HDZ, Nositelj liste: dr.sc. IVO SANADER                                 ;HRVATSKA NARODNA STRANKA-LIBERALNI DEMOKRATI - HNS, Nositelj liste: RADIMIR ÈAÈIÆ                    ;HRVATSKA SELJAÈKA STRANKA - HSS, HRVATSKA SOCIJALNO LIBERALNA STRANKA - HSLS, Nositelj liste: ZDRAVKO KELIÆ;HRVATSKA STRANKA MLADIH - HSM, Nositelj liste: JAKOB MATOVINOVIÆ                                        ;HRVATSKA STRANKA PRAVA - HSP, Nositelj liste: ANTO ÐAPIÆ;HRVATSKA STRANKA UMIROVLJENIKA - HSU, Nositelj liste: mr.sc. VLADIMIR JORDAN                    ;HRVATSKI DEMOKRATSKI SAVEZ SLAVONIJE I BARANJE - HDSSB, Nositelj liste: BRANIMIR GLAVAŠ, dipl.iur.                    ;HRVATSKI PRAVAŠI-HRVATSKI PRAVAŠKI POKRET - HP-HPP, Nositelj liste: ANDRIJA RUŽEK;HRVATSKI SOCIJALDEMOKRATI - HSD, LJEVICA HRVATSKE - LJEVICA, SOCIJALISTIÈKA RADNIÈKA PARTIJA HRVATSKE - SRP, ISTARSKI SOCIJALDEMOKRATSKI FORUM-FORO SOCIAL DEMOCRATICO ISTRIANO - ISDF-FSDI, Nositelj liste: JERKO ZOVAK;JEDINO HRVATSKA-POKRET ZA HRVATSKU - JEDINO HRVATSKA, Nositelj liste: BENJAMIN TOLIÆ;SOCIJALDEMOKRATSKA PARTIJA HRVATSKE - SDP, Nositelj liste: ZORAN MILANOVIÆ;STRANKA UMIROVLJENIKA - SU, Nositelj liste: VENKO BANOVIÆ;;;;;;;;
;;;;;;;1;2;3;4;5;6;7;8;9;10;11;12;13;14;15;16;17;18;19;;;;;;;;
;;;;;;;;;;;;;;;;;;;;;;;;;;;;;;;;;
BAKAR;1;;1;1;1;0;0;0;0;0;0;0;0;1;0;0;0;0;0;0;0;0;0;0;0;;;;;;;;
BELI MANASTIR;1;;0;0;0;0;0;0;0;0;0;0;0;0;0;0;0;0;0;0;0;0;0;0;0;;;;;;;;
BENKOVAC;1;;0;0;0;0;0;0;0;0;0;0;0;0;0;0;0;0;0;0;0;0;0;0;0;;;;;;;;
BIOGRAD NA MORU;1;;1;1;1;0;0;0;0;0;0;0;0;0;0;0;0;0;0;0;0;0;0;1;0;;;;;;;;
BJELOVAR;1;;3;3;3;0;0;0;0;0;0;0;0;1;0;2;0;0;0;0;0;0;0;0;0;;;;;;;;
BJELOVAR;2;;0;0;0;0;0;0;0;0;0;0;0;0;0;0;0;0;0;0;0;0;0;0;0;;;;;;;;
BJELOVAR;3;;4;4;4;0;0;0;0;0;0;0;0;3;0;0;0;0;0;0;0;0;0;1;0;;;;;;;;
BUJE;1;;0;0;0;0;0;0;0;0;0;0;0;0;0;0;0;0;0;0;0;0;0;0;0;;;;;;;;
BUZET;1;;0;0;0;0;0;0;0;0;0;0;0;0;0;0;0;0;0;0;0;0;0;0;0;;;;;;;;
CRES;1;;1;1;1;0;0;0;0;0;0;0;0;1;0;0;0;0;0;0;0;0;0;0;0;;;;;;;;
CRIKVENICA;1;;8;8;8;0;0;0;0;0;0;0;0;3;1;0;0;0;0;0;0;0;0;4;0;;;;;;;;
ÈAKOVEC;1;;0;0;0;0;0;0;0;0;0;0;0;0;0;0;0;0;0;0;0;0;0;0;0;;;;;;;;
ÈAZMA;1;;0;0;0;0;0;0;0;0;0;0;0;0;0;0;0;0;0;0;0;0;0;0;0;;;;;;;;
DARUVAR;1;;2;2;2;0;0;0;0;0;0;0;0;1;0;0;0;0;1;0;0;0;0;0;0;;;;;;;;
DELNICE;1;;0;0;0;0;0;0;0;0;0;0;0;0;0;0;0;0;0;0;0;0;0;0;0;;;;;;;;
DONJI MIHOLJAC;1;;1;1;1;0;0;0;0;0;0;0;0;0;0;0;0;1;0;0;0;0;0;0;0;;;;;;;;
DRNIŠ;1;;0;0;0;0;0;0;0;0;0;0;0;0;0;0;0;0;0;0;0;0;0;0;0;;;;;;;;
DUBROVNIK;1;;1;1;1;0;0;0;0;0;0;0;0;1;0;0;0;0;0;0;0;0;0;0;0;;;;;;;;
DUBROVNIK;2;;0;0;0;0;0;0;0;0;0;0;0;0;0;0;0;0;0;0;0;0;0;0;0;;;;;;;;
DUBROVNIK;3;;0;0;0;0;0;0;0;0;0;0;0;0;0;0;0;0;0;0;0;0;0;0;0;;;;;;;;
DUBROVNIK;4;;0;0;0;0;0;0;0;0;0;0;0;0;0;0;0;0;0;0;0;0;0;0;0;;;;;;;;
DUBROVNIK;5;;0;0;0;0;0;0;0;0;0;0;0;0;0;0;0;0;0;0;0;0;0;0;0;;;;;;;;
DUBROVNIK;6;;0;0;0;0;0;0;0;0;0;0;0;0;0;0;0;0;0;0;0;0;0;0;0;;;;;;;;
DUBROVNIK;7;;0;0;0;0;0;0;0;0;0;0;0;0;0;0;0;0;0;0;0;0;0;0;0;;;;;;;;
DUBROVNIK;8;;0;0;0;0;0;0;0;0;0;0;0;0;0;0;0;0;0;0;0;0;0;0;0;;;;;;;;
DUBROVNIK;9;;0;0;0;0;0;0;0;0;0;0;0;0;0;0;0;0;0;0;0;0;0;0;0;;;;;;;;
DUBROVNIK;10;;0;0;0;0;0;0;0;0;0;0;0;0;0;0;0;0;0;0;0;0;0;0;0;;;;;;;;
DUBROVNIK;11;;0;0;0;0;0;0;0;0;0;0;0;0;0;0;0;0;0;0;0;0;0;0;0;;;;;;;;
DUBROVNIK;12;;0;0;0;0;0;0;0;0;0;0;0;0;0;0;0;0;0;0;0;0;0;0;0;;;;;;;;
DUBROVNIK;13;;0;0;0;0;0;0;0;0;0;0;0;0;0;0;0;0;0;0;0;0;0;0;0;;;;;;;;
DUBROVNIK;14;;0;0;0;0;0;0;0;0;0;0;0;0;0;0;0;0;0;0;0;0;0;0;0;;;;;;;;
DUBROVNIK;15;;0;0;0;0;0;0;0;0;0;0;0;0;0;0;0;0;0;0;0;0;0;0;0;;;;;;;;
DUBROVNIK;16;;0;0;0;0;0;0;0;0;0;0;0;0;0;0;0;0;0;0;0;0;0;0;0;;;;;;;;
DUBROVNIK;17;;0;0;0;0;0;0;0;0;0;0;0;0;0;0;0;0;0;0;0;0;0;0;0;;;;;;;;
DUBROVNIK;18;;0;0;0;0;0;0;0;0;0;0;0;0;0;0;0;0;0;0;0;0;0;0;0;;;;;;;;
DUBROVNIK;19;;0;0;0;0;0;0;0;0;0;0;0;0;0;0;0;0;0;0;0;0;0;0;0;;;;;;;;
DUBROVNIK;20;;0;0;0;0;0;0;0;0;0;0;0;0;0;0;0;0;0;0;0;0;0;0;0;;;;;;;;
DUBROVNIK;21;;0;0;0;0;0;0;0;0;0;0;0;0;0;0;0;0;0;0;0;0;0;0;0;;;;;;;;
DUBROVNIK;22;;0;0;0;0;0;0;0;0;0;0;0;0;0;0;0;0;0;0;0;0;0;0;0;;;;;;;;
DUBROVNIK;23;;0;0;0;0;0;0;0;0;0;0;0;0;0;0;0;0;0;0;0;0;0;0;0;;;;;;;;
DUBROVNIK;24;;2;2;2;0;0;0;0;0;0;0;0;0;0;0;0;0;0;0;0;0;0;2;0;;;;;;;;
DUGO SELO;1;;1;0;0;0;0;0;0;0;0;0;0;0;0;0;0;0;0;0;0;0;0;0;0;;;;;;;;
ÐAKOVO;1;;2;2;2;0;0;0;0;0;0;0;0;1;0;0;0;0;0;0;0;0;0;1;0;;;;;;;;
ÐURÐEVAC;1;;0;0;0;0;0;0;0;0;0;0;0;0;0;0;0;0;0;0;0;0;0;0;0;;;;;;;;
GAREŠNICA;1;;1;1;1;0;0;0;0;0;0;0;0;1;0;0;0;0;0;0;0;0;0;0;0;;;;;;;;
GLINA;1;;17;17;17;0;0;0;0;0;0;0;0;4;0;1;0;1;0;3;0;0;0;8;0;;;;;;;;
GOSPIÆ;1;;8;8;8;0;0;0;0;0;0;0;0;6;0;0;0;0;0;2;0;0;0;0;0;;;;;;;;
GOSPIÆ;2;;1;1;1;0;0;0;0;0;0;0;0;0;0;0;0;0;0;0;0;0;0;1;0;;;;;;;;
GOSPIÆ;3;;1;1;1;0;0;0;0;0;0;0;0;1;0;0;0;0;0;0;0;0;0;0;0;;;;;;;;
GRUBIŠNO POLJE;1;;0;0;0;0;0;0;0;0;0;0;0;0;0;0;0;0;0;0;0;0;0;0;0;;;;;;;;
HRVATSKA KOSTAJNICA;1;;0;0;0;0;0;0;0;0;0;0;0;0;0;0;0;0;0;0;0;0;0;0;0;;;;;;;;
HVAR;1;;1;1;1;0;0;0;0;0;0;0;0;0;0;0;0;0;0;0;0;0;0;1;0;;;;;;;;
ILOK;1;;37;37;36;1;0;0;0;0;0;0;0;12;5;2;0;1;12;0;0;0;0;4;0;;;;;;;;
IMOTSKI;1;;0;0;0;0;0;0;0;0;0;0;0;0;0;0;0;0;0;0;0;0;0;0;0;;;;;;;;
IVANIÆ-GRAD;1;;0;0;0;0;0;0;0;0;0;0;0;0;0;0;0;0;0;0;0;0;0;0;0;;;;;;;;
KARLOVAC;1;;4;4;4;0;0;0;0;0;0;0;0;3;0;0;1;0;0;0;0;0;0;0;0;;;;;;;;
KARLOVAC;2;;16;16;16;0;0;0;0;0;0;0;0;11;0;0;0;2;0;0;1;0;0;2;0;;;;;;;;
KARLOVAC;3;;0;0;0;0;0;0;0;0;0;0;0;0;0;0;0;0;0;0;0;0;0;0;0;;;;;;;;
KARLOVAC;4;;1;1;1;0;0;0;0;0;0;0;0;0;0;0;0;0;0;0;0;0;0;1;0;;;;;;;;
KAŠTELA;1;;2;2;2;0;0;1;0;0;1;0;0;0;0;0;0;0;0;0;0;0;0;0;0;;;;;;;;
KNIN;1;;0;0;0;0;0;0;0;0;0;0;0;0;0;0;0;0;0;0;0;0;0;0;0;;;;;;;;
KNIN;2;;0;0;0;0;0;0;0;0;0;0;0;0;0;0;0;0;0;0;0;0;0;0;0;;;;;;;;
KOPRIVNICA;1;;4;4;4;0;0;0;0;0;0;0;0;3;0;0;0;0;0;0;0;0;0;1;0;;;;;;;;
KORÈULA;1;;2;2;2;0;0;0;0;0;0;0;0;0;1;0;0;0;0;0;0;0;0;1;0;;;;;;;;
KRAPINA;1;;4;4;4;0;0;0;0;0;0;0;0;3;0;0;0;0;0;0;0;0;0;1;0;;;;;;;;
KRIŽEVCI;1;;0;0;0;0;0;0;0;0;0;0;0;0;0;0;0;0;0;0;0;0;0;0;0;;;;;;;;
KRK;1;;8;8;8;0;0;0;0;0;0;0;0;4;0;0;0;3;1;0;0;0;0;0;0;;;;;;;;
KUTINA;1;;5;5;5;0;0;0;0;0;0;0;0;3;0;0;0;0;0;0;0;0;0;2;0;;;;;;;;
LABIN;1;;1;1;1;0;0;0;0;0;0;0;0;0;0;0;0;0;0;0;0;0;0;1;0;;;;;;;;
LEPOGLAVA;1;;49;49;49;0;0;0;0;1;0;0;1;16;2;3;2;2;0;7;0;0;0;15;0;;;;;;;;
MAKARSKA;1;;0;0;0;0;0;0;0;0;0;0;0;0;0;0;0;0;0;0;0;0;0;0;0;;;;;;;;
MALI LOŠINJ;1;;0;0;0;0;0;0;0;0;0;0;0;0;0;0;0;0;0;0;0;0;0;0;0;;;;;;;;
METKOVIÆ;1;;0;0;0;0;0;0;0;0;0;0;0;0;0;0;0;0;0;0;0;0;0;0;0;;;;;;;;
NAŠICE;1;;1;1;1;0;0;0;0;0;0;0;0;0;0;0;0;0;1;0;0;0;0;0;0;;;;;;;;
NIN;1;;0;0;0;0;0;0;0;0;0;0;0;0;0;0;0;0;0;0;0;0;0;0;0;;;;;;;;
NOVA GRADIŠKA;1;;0;0;0;0;0;0;0;0;0;0;0;0;0;0;0;0;0;0;0;0;0;0;0;;;;;;;;
NOVALJA;1;;4;4;4;0;0;0;0;0;0;0;0;1;0;0;0;0;0;1;0;0;0;2;0;;;;;;;;
NOVI MAROF;1;;0;0;0;0;0;0;0;0;0;0;0;0;0;0;0;0;0;0;0;0;0;0;0;;;;;;;;
NOVSKA;1;;0;0;0;0;0;0;0;0;0;0;0;0;0;0;0;0;0;0;0;0;0;0;0;;;;;;;;
OBROVAC;1;;0;0;0;0;0;0;0;0;0;0;0;0;0;0;0;0;0;0;0;0;0;0;0;;;;;;;;
OGULIN;1;;0;0;0;0;0;0;0;0;0;0;0;0;0;0;0;0;0;0;0;0;0;0;0;;;;;;;;
OPATIJA;1;;9;9;9;0;0;0;0;0;0;0;0;5;0;0;0;0;0;0;0;0;0;4;0;;;;;;;;
ORAHOVICA;1;;0;0;0;0;0;0;0;0;0;0;0;0;0;0;0;0;0;0;0;0;0;0;0;;;;;;;;
OSIJEK;1;;37;37;34;3;0;0;1;0;1;1;0;5;2;2;0;1;0;8;1;1;0;11;0;;;;;;;;
OSIJEK;2;;13;13;13;0;0;0;0;0;0;0;0;7;0;1;0;0;0;0;0;0;0;5;0;;;;;;;;
OTOÈAC;1;;0;0;0;0;0;0;0;0;0;0;0;0;0;0;0;0;0;0;0;0;0;0;0;;;;;;;;
PAG;1;;1;1;1;0;0;0;0;0;0;0;0;0;0;0;0;0;0;0;0;0;1;0;0;;;;;;;;
PAKRAC;1;;2;2;2;0;0;0;0;0;0;0;0;1;0;0;0;0;0;0;0;0;0;1;0;;;;;;;;
PAZIN;1;;0;0;0;0;0;0;0;0;0;0;0;0;0;0;0;0;0;0;0;0;0;0;0;;;;;;;;
PLOÈE;1;;1;1;1;0;0;0;0;0;0;0;0;0;0;0;0;0;0;1;0;0;0;0;0;;;;;;;;
POREÈ;1;;4;4;4;0;0;0;0;0;0;0;0;0;2;1;0;0;0;0;0;0;0;1;0;;;;;;;;
POŽEGA;1;;18;18;18;0;0;0;0;0;0;0;1;2;2;0;0;1;0;1;0;0;0;11;0;;;;;;;;
POŽEGA;2;;35;35;35;0;0;0;0;0;4;0;0;7;2;1;1;4;1;4;0;0;1;9;1;;;;;;;;
POŽEGA;3;;4;4;4;0;0;0;0;0;0;0;0;2;0;0;0;0;0;0;0;0;0;2;0;;;;;;;;
PULA;1;;2;2;2;0;0;0;0;0;0;0;0;1;0;0;0;1;0;0;0;0;0;0;0;;;;;;;;
PULA;2;;1;1;1;0;0;0;0;0;0;0;0;0;0;0;0;0;0;1;0;0;0;0;0;;;;;;;;
PULA;3;;0;0;0;0;0;0;0;0;0;0;0;0;0;0;0;0;0;0;0;0;0;0;0;;;;;;;;
PULA;4;;3;3;3;0;0;0;0;0;0;0;0;0;0;0;0;0;0;1;0;0;0;2;0;;;;;;;;
PULA;5;;2;2;2;0;0;0;0;0;0;0;0;1;0;0;0;0;0;0;0;0;0;1;0;;;;;;;;
PULA;6;;0;0;0;0;0;0;0;0;0;0;0;0;0;0;0;0;0;0;0;0;0;0;0;;;;;;;;
PULA;7;;0;0;0;0;0;0;0;0;0;0;0;0;0;0;0;0;0;0;0;0;0;0;0;;;;;;;;
PULA;8;;0;0;0;0;0;0;0;0;0;0;0;0;0;0;0;0;0;0;0;0;0;0;0;;;;;;;;
PULA;9;;0;0;0;0;0;0;0;0;0;0;0;0;0;0;0;0;0;0;0;0;0;0;0;;;;;;;;
PULA;10;;0;0;0;0;0;0;0;0;0;0;0;0;0;0;0;0;0;0;0;0;0;0;0;;;;;;;;
PULA;11;;20;20;19;1;0;0;0;0;0;0;0;15;0;0;0;1;0;0;0;0;0;3;0;;;;;;;;
RAB;1;;0;0;0;0;0;0;0;0;0;0;0;0;0;0;0;0;0;0;0;0;0;0;0;;;;;;;;
RIJEKA;1;;5;5;5;0;0;0;0;0;1;0;0;1;0;0;0;0;0;0;0;0;0;3;0;;;;;;;;
RIJEKA;2;;0;0;0;0;0;0;0;0;0;0;0;0;0;0;0;0;0;0;0;0;0;0;0;;;;;;;;
RIJEKA;3;;0;0;0;0;0;0;0;0;0;0;0;0;0;0;0;0;0;0;0;0;0;0;0;;;;;;;;
RIJEKA;4;;0;0;0;0;0;0;0;0;0;0;0;0;0;0;0;0;0;0;0;0;0;0;0;;;;;;;;
RIJEKA;5;;0;0;0;0;0;0;0;0;0;0;0;0;0;0;0;0;0;0;0;0;0;0;0;;;;;;;;
RIJEKA;6;;0;0;0;0;0;0;0;0;0;0;0;0;0;0;0;0;0;0;0;0;0;0;0;;;;;;;;
RIJEKA;7;;0;0;0;0;0;0;0;0;0;0;0;0;0;0;0;0;0;0;0;0;0;0;0;;;;;;;;
RIJEKA;8;;16;16;16;0;0;0;0;0;0;0;0;7;1;0;0;0;0;0;0;0;0;8;0;;;;;;;;
ROVINJ;1;;9;9;9;0;0;0;0;0;0;0;0;8;0;0;0;0;0;0;0;0;0;1;0;;;;;;;;
SAMOBOR;1;;4;4;4;0;0;0;0;0;0;0;0;4;0;0;0;0;0;0;0;0;0;0;0;;;;;;;;
SENJ;1;;0;0;0;0;0;0;0;0;0;0;0;0;0;0;0;0;0;0;0;0;0;0;0;;;;;;;;
SINJ;1;;2;2;2;0;0;0;0;0;0;0;0;2;0;0;0;0;0;0;0;0;0;0;0;;;;;;;;
SINJ;2;;0;0;0;0;0;0;0;0;0;0;0;0;0;0;0;0;0;0;0;0;0;0;0;;;;;;;;
SISAK;1;;1;1;1;0;0;0;0;0;0;0;0;0;0;0;0;0;0;1;0;0;0;0;0;;;;;;;;
SISAK;2;;4;4;4;0;0;0;0;0;0;0;0;3;0;0;0;0;0;0;0;0;0;0;1;;;;;;;;
SISAK;3;;0;0;0;0;0;0;0;0;0;0;0;0;0;0;0;0;0;0;0;0;0;0;0;;;;;;;;
SISAK;4;;0;0;0;0;0;0;0;0;0;0;0;0;0;0;0;0;0;0;0;0;0;0;0;;;;;;;;
SISAK;5;;0;0;0;0;0;0;0;0;0;0;0;0;0;0;0;0;0;0;0;0;0;0;0;;;;;;;;
SISAK;6;;0;0;0;0;0;0;0;0;0;0;0;0;0;0;0;0;0;0;0;0;0;0;0;;;;;;;;
SISAK;7;;5;5;5;0;0;0;0;0;0;0;0;0;0;0;0;1;0;0;0;0;0;4;0;;;;;;;;
SISAK;8;;5;5;5;0;0;0;0;0;0;0;0;0;0;3;0;2;0;0;0;0;0;0;0;;;;;;;;
SISAK;9;;4;4;4;0;0;0;0;0;1;0;0;2;0;0;0;0;0;0;0;0;0;1;0;;;;;;;;
SKRADIN;1;;0;0;0;0;0;0;0;0;0;0;0;0;0;0;0;0;0;0;0;0;0;0;0;;;;;;;;
SLATINA;1;;3;3;3;0;0;0;1;0;0;0;0;1;0;0;0;0;0;0;0;0;0;1;0;;;;;;;;
SLAVONSKI BROD;1;;3;3;3;0;0;0;0;0;0;0;0;1;0;0;0;0;0;0;0;0;0;2;0;;;;;;;;
SOLIN;1;;0;0;0;0;0;0;0;0;0;0;0;0;0;0;0;0;0;0;0;0;0;0;0;;;;;;;;
SPLIT;1;;0;0;0;0;0;0;0;0;0;0;0;0;0;0;0;0;0;0;0;0;0;0;0;;;;;;;;
SPLIT;2;;0;0;0;0;0;0;0;0;0;0;0;0;0;0;0;0;0;0;0;0;0;0;0;;;;;;;;
SPLIT;3;;0;0;0;0;0;0;0;0;0;0;0;0;0;0;0;0;0;0;0;0;0;0;0;;;;;;;;
SPLIT;4;;0;0;0;0;0;0;0;0;0;0;0;0;0;0;0;0;0;0;0;0;0;0;0;;;;;;;;
SPLIT;5;;0;0;0;0;0;0;0;0;0;0;0;0;0;0;0;0;0;0;0;0;0;0;0;;;;;;;;
SPLIT;6;;0;0;0;0;0;0;0;0;0;0;0;0;0;0;0;0;0;0;0;0;0;0;0;;;;;;;;
SPLIT;7;;0;0;0;0;0;0;0;0;0;0;0;0;0;0;0;0;0;0;0;0;0;0;0;;;;;;;;
SPLIT;8;;0;0;0;0;0;0;0;0;0;0;0;0;0;0;0;0;0;0;0;0;0;0;0;;;;;;;;
SPLIT;9;;1;1;1;0;0;0;0;0;0;0;0;0;0;1;0;0;0;0;0;0;0;0;0;;;;;;;;
SPLIT;10;;0;0;0;0;0;0;0;0;0;0;0;0;0;0;0;0;0;0;0;0;0;0;0;;;;;;;;
SPLIT;11;;0;0;0;0;0;0;0;0;0;0;0;0;0;0;0;0;0;0;0;0;0;0;0;;;;;;;;
SPLIT;12;;0;0;0;0;0;0;0;0;0;0;0;0;0;0;0;0;0;0;0;0;0;0;0;;;;;;;;
SPLIT;13;;19;19;19;0;0;0;0;0;0;0;0;9;1;1;0;0;0;2;0;1;0;5;0;;;;;;;;
SUPETAR;1;;0;0;0;0;0;0;0;0;0;0;0;0;0;0;0;0;0;0;0;0;0;0;0;;;;;;;;
SVETI IVAN ZELINA;1;;0;0;0;0;0;0;0;0;0;0;0;0;0;0;0;0;0;0;0;0;0;0;0;;;;;;;;
ŠIBENIK;1;;0;0;0;0;0;0;0;0;0;0;0;0;0;0;0;0;0;0;0;0;0;0;0;;;;;;;;
ŠIBENIK;2;;0;0;0;0;0;0;0;0;0;0;0;0;0;0;0;0;0;0;0;0;0;0;0;;;;;;;;
TRILJ;1;;0;0;0;0;0;0;0;0;0;0;0;0;0;0;0;0;0;0;0;0;0;0;0;;;;;;;;
TROGIR;1;;0;0;0;0;0;0;0;0;0;0;0;0;0;0;0;0;0;0;0;0;0;0;0;;;;;;;;
UMAG;1;;2;2;2;0;0;0;0;0;0;0;0;2;0;0;0;0;0;0;0;0;0;0;0;;;;;;;;
VALPOVO;1;;3;3;3;0;0;0;0;0;0;0;0;0;0;0;0;0;0;0;0;0;0;3;0;;;;;;;;
VARAŽDIN;1;;2;2;2;0;0;0;0;0;0;0;0;1;0;0;0;0;0;1;0;0;0;0;0;;;;;;;;
VARAŽDIN;2;;8;8;8;0;0;0;0;0;0;0;0;4;0;1;0;0;1;0;0;0;0;1;1;;;;;;;;
VARAŽDINSKE TOPLICE;1;;2;2;2;0;0;0;0;0;0;0;0;1;0;0;0;0;0;0;0;0;0;1;0;;;;;;;;
VELIKA GORICA;1;;20;20;20;0;0;0;0;0;0;0;0;20;0;0;0;0;0;0;0;0;0;0;0;;;;;;;;
VELIKA GORICA;2;;4;4;4;0;0;0;0;0;0;0;0;1;0;0;0;1;0;1;0;0;0;1;0;;;;;;;;
VELIKA GORICA;3;;2;2;2;0;0;0;0;0;0;0;0;0;0;0;0;1;0;0;0;1;0;0;0;;;;;;;;
VINKOVCI;1;;44;44;43;1;0;0;0;0;1;0;1;18;2;2;0;1;4;0;0;0;0;11;3;;;;;;;;
VIROVITICA;1;;4;4;4;0;0;0;0;0;0;0;0;3;0;0;0;0;0;0;0;0;0;1;0;;;;;;;;
VIS;1;;0;0;0;0;0;0;0;0;0;0;0;0;0;0;0;0;0;0;0;0;0;0;0;;;;;;;;
VODICE;1;;0;0;0;0;0;0;0;0;0;0;0;0;0;0;0;0;0;0;0;0;0;0;0;;;;;;;;
VRBOVEC;1;;1;1;1;0;0;0;0;0;0;0;0;0;0;0;0;0;1;0;0;0;0;0;0;;;;;;;;
VRLIKA;1;;0;0;0;0;0;0;0;0;0;0;0;0;0;0;0;0;0;0;0;0;0;0;0;;;;;;;;
VUKOVAR;1;;6;6;6;0;0;0;1;0;0;0;0;4;0;0;0;0;0;0;0;0;0;1;0;;;;;;;;
ZADAR;1;;2;2;2;0;0;0;0;0;1;0;0;1;0;0;0;0;0;0;0;0;0;0;0;;;;;;;;
ZADAR;2;;0;0;0;0;0;0;0;0;0;0;0;0;0;0;0;0;0;0;0;0;0;0;0;;;;;;;;
ZADAR;3;;0;0;0;0;0;0;0;0;0;0;0;0;0;0;0;0;0;0;0;0;0;0;0;;;;;;;;
ZADAR;4;;1;1;1;0;0;0;0;0;0;0;0;0;1;0;0;0;0;0;0;0;0;0;0;;;;;;;;
ZADAR;5;;0;0;0;0;0;0;0;0;0;0;0;0;0;0;0;0;0;0;0;0;0;0;0;;;;;;;;
ZADAR;6;;0;0;0;0;0;0;0;0;0;0;0;0;0;0;0;0;0;0;0;0;0;0;0;;;;;;;;
ZADAR;7;;0;0;0;0;0;0;0;0;0;0;0;0;0;0;0;0;0;0;0;0;0;0;0;;;;;;;;
ZADAR;8;;1;1;0;1;0;0;0;0;0;0;0;0;0;0;0;0;0;0;0;0;0;0;0;;;;;;;;
ZADAR;9;;0;0;0;0;0;0;0;0;0;0;0;0;0;0;0;0;0;0;0;0;0;0;0;;;;;;;;
ZADAR;10;;0;0;0;0;0;0;0;0;0;0;0;0;0;0;0;0;0;0;0;0;0;0;0;;;;;;;;
ZADAR;11;;0;0;0;0;0;0;0;0;0;0;0;0;0;0;0;0;0;0;0;0;0;0;0;;;;;;;;
ZADAR;12;;0;0;0;0;0;0;0;0;0;0;0;0;0;0;0;0;0;0;0;0;0;0;0;;;;;;;;
ZADAR;13;;0;0;0;0;0;0;0;0;0;0;0;0;0;0;0;0;0;0;0;0;0;0;0;;;;;;;;
ZADAR;14;;0;0;0;0;0;0;0;0;0;0;0;0;0;0;0;0;0;0;0;0;0;0;0;;;;;;;;
ZADAR;15;;0;0;0;0;0;0;0;0;0;0;0;0;0;0;0;0;0;0;0;0;0;0;0;;;;;;;;
ZADAR;16;;0;0;0;0;0;0;0;0;0;0;0;0;0;0;0;0;0;0;0;0;0;0;0;;;;;;;;
ZADAR;17;;0;0;0;0;0;0;0;0;0;0;0;0;0;0;0;0;0;0;0;0;0;0;0;;;;;;;;
ZADAR;18;;0;0;0;0;0;0;0;0;0;0;0;0;0;0;0;0;0;0;0;0;0;0;0;;;;;;;;
ZADAR;19;;0;0;0;0;0;0;0;0;0;0;0;0;0;0;0;0;0;0;0;0;0;0;0;;;;;;;;
ZADAR;20;;10;10;10;0;0;0;0;0;0;0;1;4;0;1;0;1;0;0;0;1;0;2;0;;;;;;;;
ZAGREB-CENTAR,ZAPAD;1;;2;2;2;0;0;0;0;0;0;0;0;2;0;0;0;0;0;0;0;0;0;0;0;;;;;;;;
ZAGREB-CENTAR,ZAPAD;2;;7;7;7;0;0;0;0;0;0;0;0;2;0;1;2;2;0;0;0;0;0;0;0;;;;;;;;
ZAGREB-CENTAR,ZAPAD;3;;256;256;254;2;0;0;0;1;1;1;0;127;7;6;1;5;5;5;0;1;0;94;0;;;;;;;;
ZAGREB-CENTAR,ZAPAD;4;;0;0;0;0;0;0;0;0;0;0;0;0;0;0;0;0;0;0;0;0;0;0;0;;;;;;;;
ZAGREB-JUGOISTOK;1;;5;5;5;0;0;0;0;0;0;0;0;4;0;0;0;0;0;0;0;0;0;1;0;;;;;;;;
ZAGREB-JUŽNI DIO;1;;15;15;15;0;0;0;0;0;1;0;0;5;0;0;0;1;0;1;0;0;0;7;0;;;;;;;;
ZAPREŠIÆ;1;;19;19;19;0;0;0;0;0;0;0;0;8;0;0;0;3;0;0;0;0;0;8;0;;;;;;;;
ŽUPANJA;1;;1;1;1;0;0;0;0;0;0;0;0;1;0;0;0;0;0;0;0;0;0;0;0;;;;;;;;
BIBINJE;1;;0;0;0;0;0;0;0;0;0;0;0;0;0;0;0;0;0;0;0;0;0;0;0;;;;;;;;
BILICE;1;;0;0;0;0;0;0;0;0;0;0;0;0;0;0;0;0;0;0;0;0;0;0;0;;;;;;;;
BISKUPIJA;1;;0;0;0;0;0;0;0;0;0;0;0;0;0;0;0;0;0;0;0;0;0;0;0;;;;;;;;
BRINJE;1;;0;0;0;0;0;0;0;0;0;0;0;0;0;0;0;0;0;0;0;0;0;0;0;;;;;;;;
CIVLJANE;1;;0;0;0;0;0;0;0;0;0;0;0;0;0;0;0;0;0;0;0;0;0;0;0;;;;;;;;
DICMO;1;;0;0;0;0;0;0;0;0;0;0;0;0;0;0;0;0;0;0;0;0;0;0;0;;;;;;;;
DONJI LAPAC;1;;0;0;0;0;0;0;0;0;0;0;0;0;0;0;0;0;0;0;0;0;0;0;0;;;;;;;;
DUGOPOLJE;1;;1;1;1;0;0;0;0;0;0;0;0;1;0;0;0;0;0;0;0;0;0;0;0;;;;;;;;
DVOR;1;;0;0;0;0;0;0;0;0;0;0;0;0;0;0;0;0;0;0;0;0;0;0;0;;;;;;;;
ERVENIK;1;;0;0;0;0;0;0;0;0;0;0;0;0;0;0;0;0;0;0;0;0;0;0;0;;;;;;;;
GALOVAC;1;;0;0;0;0;0;0;0;0;0;0;0;0;0;0;0;0;0;0;0;0;0;0;0;;;;;;;;
GRAÈAC;1;;0;0;0;0;0;0;0;0;0;0;0;0;0;0;0;0;0;0;0;0;0;0;0;;;;;;;;
HRVACE;1;;0;0;0;0;0;0;0;0;0;0;0;0;0;0;0;0;0;0;0;0;0;0;0;;;;;;;;
JASENICE;1;;0;0;0;0;0;0;0;0;0;0;0;0;0;0;0;0;0;0;0;0;0;0;0;;;;;;;;
KALI;1;;0;0;0;0;0;0;0;0;0;0;0;0;0;0;0;0;0;0;0;0;0;0;0;;;;;;;;
KARLOBAG;1;;0;0;0;0;0;0;0;0;0;0;0;0;0;0;0;0;0;0;0;0;0;0;0;;;;;;;;
KIJEVO;1;;0;0;0;0;0;0;0;0;0;0;0;0;0;0;0;0;0;0;0;0;0;0;0;;;;;;;;
KISTANJE;1;;0;0;0;0;0;0;0;0;0;0;0;0;0;0;0;0;0;0;0;0;0;0;0;;;;;;;;
KLIS;1;;0;0;0;0;0;0;0;0;0;0;0;0;0;0;0;0;0;0;0;0;0;0;0;;;;;;;;
KOLAN;1;;0;0;0;0;0;0;0;0;0;0;0;0;0;0;0;0;0;0;0;0;0;0;0;;;;;;;;
KUKLJICA;1;;0;0;0;0;0;0;0;0;0;0;0;0;0;0;0;0;0;0;0;0;0;0;0;;;;;;;;
LASTOVO;1;;0;0;0;0;0;0;0;0;0;0;0;0;0;0;0;0;0;0;0;0;0;0;0;;;;;;;;
LEÆEVICA;1;;0;0;0;0;0;0;0;0;0;0;0;0;0;0;0;0;0;0;0;0;0;0;0;;;;;;;;
LIŠANE OSTROVIÈKE;1;;0;0;0;0;0;0;0;0;0;0;0;0;0;0;0;0;0;0;0;0;0;0;0;;;;;;;;
LOVINAC;1;;0;0;0;0;0;0;0;0;0;0;0;0;0;0;0;0;0;0;0;0;0;0;0;;;;;;;;
MARINA;1;;2;2;2;0;0;0;0;0;0;0;0;0;0;0;0;0;0;2;0;0;0;0;0;;;;;;;;
MLJET;1;;0;0;0;0;0;0;0;0;0;0;0;0;0;0;0;0;0;0;0;0;0;0;0;;;;;;;;
MUÆ;1;;1;1;1;0;0;0;0;0;0;0;0;0;0;0;0;1;0;0;0;0;0;0;0;;;;;;;;
MURTER-KORNATI;1;;0;0;0;0;0;0;0;0;0;0;0;0;0;0;0;0;0;0;0;0;0;0;0;;;;;;;;
NOVIGRAD;1;;0;0;0;0;0;0;0;0;0;0;0;0;0;0;0;0;0;0;0;0;0;0;0;;;;;;;;
OKRUG;1;;1;1;1;0;0;0;0;0;0;0;0;1;0;0;0;0;0;0;0;0;0;0;0;;;;;;;;
OREBIÆ;1;;4;4;4;0;0;0;0;0;0;0;0;4;0;0;0;0;0;0;0;0;0;0;0;;;;;;;;
OTOK;1;;0;0;0;0;0;0;0;0;0;0;0;0;0;0;0;0;0;0;0;0;0;0;0;;;;;;;;
PAKOŠTANE;1;;0;0;0;0;0;0;0;0;0;0;0;0;0;0;0;0;0;0;0;0;0;0;0;;;;;;;;
PAŠMAN;1;;0;0;0;0;0;0;0;0;0;0;0;0;0;0;0;0;0;0;0;0;0;0;0;;;;;;;;
PERUŠIÆ;1;;0;0;0;0;0;0;0;0;0;0;0;0;0;0;0;0;0;0;0;0;0;0;0;;;;;;;;
PIROVAC;1;;0;0;0;0;0;0;0;0;0;0;0;0;0;0;0;0;0;0;0;0;0;0;0;;;;;;;;
PITOMAÈA;1;;1;1;1;0;0;0;0;0;0;0;0;0;0;0;0;0;0;0;0;0;0;1;0;;;;;;;;
PLITVIÈKA JEZERA;1;;0;0;0;0;0;0;0;0;0;0;0;0;0;0;0;0;0;0;0;0;0;0;0;;;;;;;;
POLAÈA;1;;0;0;0;0;0;0;0;0;0;0;0;0;0;0;0;0;0;0;0;0;0;0;0;;;;;;;;
POLIÈNIK;1;;0;0;0;0;0;0;0;0;0;0;0;0;0;0;0;0;0;0;0;0;0;0;0;;;;;;;;
POPOVAÈA;1;;15;15;15;0;0;0;0;0;0;0;0;7;0;1;0;1;0;1;0;0;0;4;1;;;;;;;;
POSEDARJE;1;;0;0;0;0;0;0;0;0;0;0;0;0;0;0;0;0;0;0;0;0;0;0;0;;;;;;;;
POVLJANA;1;;0;0;0;0;0;0;0;0;0;0;0;0;0;0;0;0;0;0;0;0;0;0;0;;;;;;;;
PREKO;1;;0;0;0;0;0;0;0;0;0;0;0;0;0;0;0;0;0;0;0;0;0;0;0;;;;;;;;
PRGOMET;1;;0;0;0;0;0;0;0;0;0;0;0;0;0;0;0;0;0;0;0;0;0;0;0;;;;;;;;
PRIMORSKI DOLAC;1;;0;0;0;0;0;0;0;0;0;0;0;0;0;0;0;0;0;0;0;0;0;0;0;;;;;;;;
PRIMOŠTEN;1;;0;0;0;0;0;0;0;0;0;0;0;0;0;0;0;0;0;0;0;0;0;0;0;;;;;;;;
PRIVLAKA;1;;0;0;0;0;0;0;0;0;0;0;0;0;0;0;0;0;0;0;0;0;0;0;0;;;;;;;;
PROMINA;1;;0;0;0;0;0;0;0;0;0;0;0;0;0;0;0;0;0;0;0;0;0;0;0;;;;;;;;
RAŽANAC;1;;0;0;0;0;0;0;0;0;0;0;0;0;0;0;0;0;0;0;0;0;0;0;0;;;;;;;;
ROGOZNICA;1;;0;0;0;0;0;0;0;0;0;0;0;0;0;0;0;0;0;0;0;0;0;0;0;;;;;;;;
RUŽIÆ;1;;0;0;0;0;0;0;0;0;0;0;0;0;0;0;0;0;0;0;0;0;0;0;0;;;;;;;;
SALI;1;;0;0;0;0;0;0;0;0;0;0;0;0;0;0;0;0;0;0;0;0;0;0;0;;;;;;;;
SEGET;1;;0;0;0;0;0;0;0;0;0;0;0;0;0;0;0;0;0;0;0;0;0;0;0;;;;;;;;
STANKOVCI;1;;0;0;0;0;0;0;0;0;0;0;0;0;0;0;0;0;0;0;0;0;0;0;0;;;;;;;;
STARIGRAD;1;;0;0;0;0;0;0;0;0;0;0;0;0;0;0;0;0;0;0;0;0;0;0;0;;;;;;;;
SUKOŠAN;1;;0;0;0;0;0;0;0;0;0;0;0;0;0;0;0;0;0;0;0;0;0;0;0;;;;;;;;
SVETI FILIP I JAKOV;1;;0;0;0;0;0;0;0;0;0;0;0;0;0;0;0;0;0;0;0;0;0;0;0;;;;;;;;
ŠKABRNJA;1;;0;0;0;0;0;0;0;0;0;0;0;0;0;0;0;0;0;0;0;0;0;0;0;;;;;;;;
ŠOLTA;1;;0;0;0;0;0;0;0;0;0;0;0;0;0;0;0;0;0;0;0;0;0;0;0;;;;;;;;
TISNO;1;;0;0;0;0;0;0;0;0;0;0;0;0;0;0;0;0;0;0;0;0;0;0;0;;;;;;;;
TKON;1;;0;0;0;0;0;0;0;0;0;0;0;0;0;0;0;0;0;0;0;0;0;0;0;;;;;;;;
TOPUSKO;1;;2;2;2;0;0;0;0;0;0;0;0;0;0;0;0;0;1;1;0;0;0;0;0;;;;;;;;
TRIBUNJ;1;;0;0;0;0;0;0;0;0;0;0;0;0;0;0;0;0;0;0;0;0;0;0;0;;;;;;;;
UDBINA;1;;0;0;0;0;0;0;0;0;0;0;0;0;0;0;0;0;0;0;0;0;0;0;0;;;;;;;;
UNEŠIÆ;1;;0;0;0;0;0;0;0;0;0;0;0;0;0;0;0;0;0;0;0;0;0;0;0;;;;;;;;
VIR;1;;0;0;0;0;0;0;0;0;0;0;0;0;0;0;0;0;0;0;0;0;0;0;0;;;;;;;;
VRHOVINE;1;;0;0;0;0;0;0;0;0;0;0;0;0;0;0;0;0;0;0;0;0;0;0;0;;;;;;;;
VRSI;1;;0;0;0;0;0;0;0;0;0;0;0;0;0;0;0;0;0;0;0;0;0;0;0;;;;;;;;
ZEMUNIK DONJI;1;;0;0;0;0;0;0;0;0;0;0;0;0;0;0;0;0;0;0;0;0;0;0;0;;;;;;;;
UKUPNO POSEBNA BM ZA V. IJ;;;871;870;861;9;0;1;3;2;12;2;4;385;29;30;7;38;28;44;2;5;2;260;7;;;;;;;;
